{"gene": [5.0, 6.0, 3.0, 4.0, 3.0, 2.0, 8.0, 0.0, 11.0, 0.0, 13.0, 2.0], "flops": 401938619616, "params": 36335500, "train_loss": 0.03242202985141301, "psnr": 25.48271503156633, "ssim": 0.7870321295263529, "mem": 48340741120, "train_time": 3923.4273607730865, "val_time": 82.46826696395874}
{"gene": [3.0, 2.0, 6.0, 0.0, 4.0, 0.0, 8.0, 0.0, 12.0, 0.0, 14.0, 0.0], "flops": 488407669968, "params": 35334720, "train_loss": 0.03288542362392053, "psnr": 25.71305501235701, "ssim": 0.7880700355601891, "mem": 66164333056, "train_time": 5357.901742219925, "val_time": 113.23195314407349}
{"gene": [1.0, 3.0, 4.0, 5.0, 2.0, 2.0, 8.0, 0.0, 10.0, 1.0, 12.0, 3.0], "flops": 357814022624, "params": 32379428, "train_loss": 0.03361130789013431, "psnr": 25.060159518416135, "ssim": 0.7847245484724654, "mem": 34685957632, "train_time": 2971.8550097942352, "val_time": 57.5242805480957}
{"gene": [5.0, 3.0, 4.0, 0.0, 4.0, 1.0, 7.0, 0.0, 12.0, 1.0, 13.0, 0.0], "flops": 359178700320, "params": 29611944, "train_loss": 0.033863037964040534, "psnr": 25.68333600213354, "ssim": 0.7864743826305619, "mem": 35745332224, "train_time": 3079.303514957428, "val_time": 62.9210364818573}
{"gene": [2.0, 1.0, 3.0, 4.0, 3.0, 0.0, 7.0, 2.0, 11.0, 0.0, 16.0, 2.0], "flops": 383716275648, "params": 40648736, "train_loss": 0.033983809937869564, "psnr": 25.515524180057778, "ssim": 0.7916292121665742, "mem": 52193398784, "train_time": 4127.943880319595, "val_time": 82.78098154067993}
{"gene": [0.0, 0.0, 6.0, 4.0, 4.0, 0.0, 6.0, 0.0, 10.0, 0.0, 13.0, 1.0], "flops": 404731702784, "params": 40022687, "train_loss": 0.032964585391276405, "psnr": 25.55318058470581, "ssim": 0.7864751221895433, "mem": 39878309888, "train_time": 3442.313412666321, "val_time": 72.49025630950928}
{"gene": [6.0, 3.0, 4.0, 0.0, 2.0, 0.0, 4.0, 0.0, 7.0, 4.0, 10.0, 0.0], "flops": 259515162080, "params": 21540744, "train_loss": 0.03402202513116864, "psnr": 25.040168405115658, "ssim": 0.7844113443586657, "mem": 31527070208, "train_time": 2550.6074743270874, "val_time": 53.73077178001404}
{"gene": [6.0, 4.0, 1.0, 1.0, 3.0, 0.0, 5.0, 1.0, 7.0, 3.0, 13.0, 3.0], "flops": 337828630528, "params": 28003888, "train_loss": 0.034665778034678886, "psnr": 25.507690036543632, "ssim": 0.789840803180698, "mem": 47436219392, "train_time": 3957.770020008087, "val_time": 79.87427115440369}
{"gene": [4.0, 6.0, 6.0, 6.0, 2.0, 4.0, 7.0, 0.0, 11.0, 0.0, 13.0, 0.0], "flops": 537105530880, "params": 49343560, "train_loss": 0.032921636897805494, "psnr": 25.54587837342847, "ssim": 0.7901653050303352, "mem": 63749472768, "train_time": 5241.577534914017, "val_time": 110.05236792564392}
{"gene": [4.0, 1.0, 0.0, 2.0, 3.0, 3.0, 7.0, 2.0, 8.0, 0.0, 12.0, 0.0], "flops": 362689399808, "params": 41215884, "train_loss": 0.033774407946186615, "psnr": 25.572960408070838, "ssim": 0.7881352577951982, "mem": 43881906688, "train_time": 3787.1094903945923, "val_time": 77.64176225662231}
{"gene": [3.0, 5.0, 1.0, 6.0, 4.0, 0.0, 8.0, 2.0, 9.0, 2.0, 15.0, 0.0], "flops": 423840417744, "params": 46566692, "train_loss": 0.03326922407394515, "psnr": 25.66478927536766, "ssim": 0.7866370440817008, "mem": 42276156928, "train_time": 3949.712379217148, "val_time": 84.07363748550415}
{"gene": [5.0, 5.0, 4.0, 0.0, 4.0, 3.0, 6.0, 3.0, 8.0, 4.0, 16.0, 0.0], "flops": 333586391424, "params": 29164880, "train_loss": 0.033241267573117975, "psnr": 25.615344688765752, "ssim": 0.7863793232009606, "mem": 34222738944, "train_time": 3226.4924414157867, "val_time": 67.81903290748596}
{"gene": [5.0, 2.0, 4.0, 1.0, 4.0, 2.0, 8.0, 0.0, 9.0, 4.0, 13.0, 3.0], "flops": 418372163968, "params": 32358006, "train_loss": 0.03292196770192726, "psnr": 25.713217339571482, "ssim": 0.7879727494598615, "mem": 56487933440, "train_time": 4646.113373041153, "val_time": 95.13890552520752}
{"gene": [4.0, 4.0, 2.0, 2.0, 3.0, 3.0, 7.0, 1.0, 8.0, 0.0, 16.0, 0.0], "flops": 499137773568, "params": 56603150, "train_loss": 0.03355208747213164, "psnr": 25.44420556652986, "ssim": 0.7791398527062121, "mem": 59532080640, "train_time": 5193.488143444061, "val_time": 106.59658217430115}
{"gene": [3.0, 1.0, 0.0, 5.0, 3.0, 0.0, 8.0, 4.0, 11.0, 0.0, 13.0, 2.0], "flops": 339936962032, "params": 30989384, "train_loss": 0.03353147768327616, "psnr": 25.536873725595825, "ssim": 0.7828653340507047, "mem": 35367056384, "train_time": 3431.3080294132233, "val_time": 67.47786092758179}
{"gene": [6.0, 0.0, 4.0, 4.0, 4.0, 0.0, 7.0, 0.0, 11.0, 1.0, 14.0, 3.0], "flops": 447012085056, "params": 40285330, "train_loss": 0.03565894084150656, "psnr": 25.547107384078252, "ssim": 0.7894633646809658, "mem": 57711969792, "train_time": 4660.83105134964, "val_time": 93.81208395957947}
{"gene": [6.0, 5.0, 6.0, 1.0, 4.0, 0.0, 5.0, 2.0, 7.0, 0.0, 15.0, 2.0], "flops": 405405200384, "params": 33736426, "train_loss": 0.035563806827059896, "psnr": 25.325122594618776, "ssim": 0.781662557545704, "mem": 57596273152, "train_time": 4820.316295862198, "val_time": 102.34523582458496}
{"gene": [6.0, 1.0, 2.0, 6.0, 2.0, 0.0, 4.0, 2.0, 10.0, 0.0, 16.0, 0.0], "flops": 443088371712, "params": 52594288, "train_loss": 0.03438622022308492, "psnr": 25.656225564992717, "ssim": 0.7891520411983253, "mem": 51674926592, "train_time": 4169.991041660309, "val_time": 86.44672751426697}
{"gene": [5.0, 4.0, 3.0, 1.0, 2.0, 1.0, 8.0, 3.0, 10.0, 0.0, 16.0, 2.0], "flops": 349205084416, "params": 33379024, "train_loss": 0.03316116008796963, "psnr": 25.611563067088568, "ssim": 0.7873173770767198, "mem": 36988109312, "train_time": 3170.2389945983887, "val_time": 64.2327036857605}
{"gene": [1.0, 3.0, 1.0, 2.0, 4.0, 2.0, 5.0, 0.0, 11.0, 4.0, 15.0, 0.0], "flops": 427460024224, "params": 52611324, "train_loss": 0.03315606664952086, "psnr": 25.66638809705403, "ssim": 0.7887179217394358, "mem": 45931473408, "train_time": 4136.1939334869385, "val_time": 77.56491804122925}
{"gene": [5.0, 3.0, 2.0, 3.0, 4.0, 3.0, 5.0, 0.0, 11.0, 0.0, 13.0, 0.0], "flops": 343188141216, "params": 30308976, "train_loss": 0.03315808568152763, "psnr": 25.191082211897033, "ssim": 0.7881523376107752, "mem": 39873313792, "train_time": 3344.2912425994873, "val_time": 71.32336735725403}
{"gene": [5.0, 2.0, 2.0, 5.0, 3.0, 3.0, 5.0, 0.0, 9.0, 0.0, 11.0, 1.0], "flops": 366636185376, "params": 31745948, "train_loss": 0.03353887709674781, "psnr": 25.767640753333147, "ssim": 0.788006814292269, "mem": 47478800384, "train_time": 3920.5251507759094, "val_time": 83.91482090950012}
{"gene": [6.0, 3.0, 0.0, 0.0, 4.0, 0.0, 5.0, 0.0, 12.0, 0.0, 13.0, 0.0], "flops": 303267626272, "params": 24941488, "train_loss": 0.03579842091680359, "psnr": 25.581656671450226, "ssim": 0.7900347715557212, "mem": 46082856448, "train_time": 3710.6356706619263, "val_time": 80.18919634819031}
{"gene": [6.0, 5.0, 4.0, 2.0, 3.0, 0.0, 7.0, 2.0, 11.0, 2.0, 14.0, 0.0], "flops": 508202778624, "params": 52513956, "train_loss": 0.03510004182167707, "psnr": 25.44075281914025, "ssim": 0.7868822169239514, "mem": 59682573824, "train_time": 5128.757725954056, "val_time": 106.59780716896057}
{"gene": [1.0, 0.0, 1.0, 4.0, 2.0, 4.0, 3.0, 0.0, 6.0, 2.0, 10.0, 1.0], "flops": 241727060544, "params": 26449030, "train_loss": 0.033288607688021894, "psnr": 24.69122657638536, "ssim": 0.7869565245485005, "mem": 23335511040, "train_time": 2171.430701971054, "val_time": 40.93564200401306}
{"gene": [2.0, 6.0, 6.0, 3.0, 2.0, 0.0, 8.0, 0.0, 12.0, 0.0, 15.0, 0.0], "flops": 513374541440, "params": 36474320, "train_loss": 0.03304162604311054, "psnr": 25.209797490941416, "ssim": 0.7854684286563918, "mem": 71417026560, "train_time": 5530.219980478287, "val_time": 116.04955124855042}
{"gene": [1.0, 3.0, 3.0, 1.0, 3.0, 2.0, 5.0, 0.0, 8.0, 0.0, 13.0, 3.0], "flops": 259114170592, "params": 27569526, "train_loss": 0.03346531862666888, "psnr": 25.38349557116051, "ssim": 0.7885006582490182, "mem": 28611487744, "train_time": 2472.892043352127, "val_time": 47.64734745025635}
{"gene": [3.0, 3.0, 6.0, 2.0, 2.0, 0.0, 4.0, 0.0, 10.0, 0.0, 15.0, 0.0], "flops": 438834524656, "params": 56214496,