{"gene": [3.0, 0.0, 5.0, 3.0, 4.0, 0.0, 7.0, 0.0, 8.0, 1.0, 11.0, 0.0], "flops": 480970686656, "params": 39950912, "train_loss": 0, "psnr": 5.223519325256348, "ssim": 0.0016961491201072931}