{"gene": [2.0, 2.0, 2.0, 0.0, 4.0, 0.0, 4.0, 0.0, 4.0, 0.0, 10.0, 0.0], "flops": null, "params": null, "train_loss": 0, "psnr": 6.712648741089471, "train_time": 0.005167722702026367, "val_time": 345.30341053009033}