{"gene": [2.0, 3.0, 1.0, 0.0, 3.0, 0.0, 7.0, 0.0, 8.0, 3.0, 16.0, 0.0], "flops": null, "params": null, "train_loss": 0, "psnr": 7.840227297895347, "train_time": 0.009387493133544922, "val_time": 275.1523838043213}