{"gene": [2.0, 1.0, 4.0, 0.0, 2.0, 0.0, 6.0, 2.0, 11.0, 2.0, 12.0, 0.0], "flops": 633794729984, "params": 48872924, "train_loss": 0, "psnr": 4.629702568054199, "ssim": -4.4068969145882875e-05}