{"gene": [1.0, 1.0, 2.0, 0.0, 4.0, 3.0, 8.0, 3.0, 8.0, 0.0, 11.0, 0.0], "flops": null, "params": null, "train_loss": 0, "psnr": 7.120934412567386, "train_time": 0.008223772048950195, "val_time": 316.46260476112366}