{"gene": [3.0, 1.0, 3.0, 2.0, 3.0, 0.0, 7.0, 2.0, 11.0, 0.0, 13.0, 0.0], "flops": null, "params": null, "train_loss": 0, "psnr": 6.698809249029837, "train_time": 0.010182380676269531, "val_time": 250.69171142578125}