{"gene": [3.0, 0.0, 3.0, 0.0, 4.0, 0.0, 7.0, 0.0, 8.0, 0.0, 15.0, 0.0], "flops": 438399901632, "params": 45319936, "train_loss": 0, "psnr": 4.535667896270752, "ssim": -0.0001509193971287459}