{"gene": [1.0, 1.0, 2.0, 3.0, 2.0, 3.0, 7.0, 4.0, 8.0, 0.0, 11.0, 0.0], "flops": null, "params": null, "train_loss": 0, "psnr": 6.665269559401848, "train_time": 0.007742643356323242, "val_time": 270.70455598831177}