{"gene": [5.0, 0.0, 5.0, 1.0, 3.0, 3.0, 6.0, 0.0, 8.0, 3.0, 13.0, 2.0], "flops": 505444915072, "params": 50163738, "train_loss": 0, "psnr": 5.384735107421875, "ssim": 0.0020111603662371635}