{"gene": [0.0, 3.0, 2.0, 0.0, 2.0, 0.0, 7.0, 0.0, 11.0, 0.0, 16.0, 0.0], "flops": null, "params": null, "train_loss": 0, "psnr": 7.479212060906026, "train_time": 0.011937618255615234, "val_time": 262.257750749588}