{"gene": [2.0, 1.0, 1.0, 2.0, 2.0, 0.0, 6.0, 3.0, 12.0, 2.0, 13.0, 0.0], "flops": null, "params": null, "train_loss": 0, "psnr": 7.382622687908897, "train_time": 0.008393526077270508, "val_time": 325.0082561969757}