{"gene": [1.0, 1.0, 0.0, 2.0, 3.0, 3.0, 4.0, 2.0, 7.0, 0.0, 10.0, 0.0], "flops": 511742184960, "params": 61223076, "train_loss": 0, "psnr": 5.2428812980651855, "ssim": 0.0018094225088134408}