{"gene": [5.0, 5.0, 0.0, 2.0, 3.0, 1.0, 8.0, 2.0, 9.0, 0.0, 12.0, 0.0], "flops": 643633935232, "params": 73808320, "train_loss": 0, "psnr": 4.1931023597717285, "ssim": -0.0016910308040678501}