{"gene": [4.0, 2.0, 3.0, 0.0, 1.0, 1.0, 1.0, 0.0, 3.0, 0.0, 13.0, 0.0], "flops": 264914298624, "params": 35567402, "train_loss": 0, "psnr": 4.158321857452393, "ssim": -0.0017395713366568089}