{"gene": [0.0, 0.0, 3.0, 2.0, 4.0, 0.0, 7.0, 0.0, 7.0, 0.0, 15.0, 0.0], "flops": null, "params": null, "train_loss": 0, "psnr": 6.582749918706775, "train_time": 0.010775089263916016, "val_time": 226.99326634407043}