{"gene": [2.0, 2.0, 4.0, 5.0, 4.0, 0.0, 4.0, 0.0, 7.0, 2.0, 8.0, 3.0], "flops": 591785099264, "params": 41966012, "train_loss": 0, "psnr": 3.7931487560272217, "ssim": -0.0018836918752640486}