{"gene": [1.0, 4.0, 3.0, 5.0, 4.0, 2.0, 7.0, 2.0, 7.0, 0.0, 10.0, 3.0], "flops": 563037820160, "params": 44485084, "train_loss": 0, "psnr": 5.349321365356445, "ssim": 0.0020803632214665413}