{"gene": [3.0, 3.0, 0.0, 4.0, 1.0, 0.0, 5.0, 0.0, 5.0, 0.0, 6.0, 2.0], "flops": 311514000320, "params": 32168760, "train_loss": 0, "psnr": 4.829266548156738, "ssim": 0.0004621061962097883}