{"gene": [2.0, 3.0, 0.0, 3.0, 2.0, 0.0, 4.0, 0.0, 12.0, 0.0, 12.0, 0.0], "flops": null, "params": null, "train_loss": 0, "psnr": 7.325985519656397, "train_time": 0.009748458862304688, "val_time": 200.3419771194458}