{"gene": [3.0, 3.0, 1.0, 3.0, 4.0, 0.0, 6.0, 0.0, 9.0, 3.0, 12.0, 0.0], "flops": null, "params": null, "train_loss": 0, "psnr": 7.364594481851902, "train_time": 0.009416818618774414, "val_time": 192.39371156692505}