{"gene": [5.0, 0.0, 1.0, 2.0, 3.0, 2.0, 8.0, 0.0, 9.0, 3.0, 15.0, 0.0], "flops": 688428312960, "params": 89581424, "train_loss": 0, "psnr": 4.377856731414795, "ssim": -0.0008295013103634119}