{"gene": [3.0, 2.0, 2.0, 1.0, 1.0, 0.0, 4.0, 0.0, 5.0, 0.0, 10.0, 4.0], "flops": null, "params": null, "train_loss": 0, "psnr": 6.756427342134161, "train_time": 0.0052568912506103516, "val_time": 213.07028532028198}