{"gene": [2.0, 0.0, 3.0, 1.0, 3.0, 0.0, 5.0, 0.0, 8.0, 0.0, 16.0, 2.0], "flops": null, "params": null, "train_loss": 0, "psnr": 8.612055613692014, "train_time": 0.009115934371948242, "val_time": 250.67588138580322}