{"gene": [1.0, 0.0, 3.0, 0.0, 4.0, 4.0, 7.0, 0.0, 11.0, 0.0, 13.0, 0.0], "flops": null, "params": null, "train_loss": 0, "psnr": 6.424714473429078, "train_time": 0.011340856552124023, "val_time": 224.3624973297119}