{"gene": [2.0, 0.0, 2.0, 4.0, 2.0, 0.0, 7.0, 0.0, 9.0, 0.0, 16.0, 3.0], "flops": 700717631232, "params": 76425760, "train_loss": 0, "psnr": 6.067697525024414, "ssim": 0.004077899269759655}