{"gene": [0.0, 3.0, 0.0, 5.0, 4.0, 0.0, 6.0, 0.0, 7.0, 0.0, 9.0, 2.0], "flops": 408857350272, "params": 39280264, "train_loss": 0, "psnr": 4.531190395355225, "ssim": -0.0005352265434339643}