{"gene": [4.0, 2.0, 2.0, 5.0, 3.0, 1.0, 4.0, 0.0, 9.0, 0.0, 12.0, 2.0], "flops": 670489903104, "params": 57929054, "train_loss": 0, "psnr": 4.7810869216918945, "ssim": 0.000622146762907505}