{"gene": [2.0, 3.0, 3.0, 0.0, 1.0, 0.0, 5.0, 0.0, 9.0, 0.0, 9.0, 0.0], "flops": null, "params": null, "train_loss": 0, "psnr": 6.5236634169474685, "train_time": 0.008830547332763672, "val_time": 147.78151726722717}