{"gene": [2.0, 2.0, 1.0, 3.0, 3.0, 0.0, 5.0, 0.0, 12.0, 2.0, 13.0, 0.0], "flops": null, "params": null, "train_loss": 0, "psnr": 6.847300313165014, "train_time": 0.008191108703613281, "val_time": 359.689501285553}