{"gene": [1.0, 0.0, 2.0, 4.0, 2.0, 4.0, 2.0, 0.0, 5.0, 0.0, 9.0, 4.0], "flops": 419231347200, "params": 45399970, "train_loss": 0, "psnr": 5.70754337310791, "ssim": 0.003264938946813345}