{"gene": [5.0, 2.0, 5.0, 5.0, 1.0, 1.0, 6.0, 0.0, 6.0, 3.0, 8.0, 2.0], "flops": 489676611712, "params": 39312192, "train_loss": 0, "psnr": 5.448546886444092, "ssim": 0.0022771614603698254}