{"gene": [3.0, 2.0, 2.0, 1.0, 4.0, 0.0, 4.0, 0.0, 12.0, 0.0, 16.0, 3.0], "flops": null, "params": null, "train_loss": 0, "psnr": 6.460494044876442, "train_time": 0.008420228958129883, "val_time": 359.4654791355133}