{"gene": [3.0, 5.0, 1.0, 1.0, 2.0, 0.0, 5.0, 1.0, 11.0, 3.0, 13.0, 4.0], "flops": 578818560704, "params": 54056850, "train_loss": 0, "psnr": 5.047391891479492, "ssim": 0.001104544149711728}