{"gene": [3.0, 0.0, 0.0, 0.0, 4.0, 0.0, 7.0, 0.0, 11.0, 0.0, 14.0, 0.0], "flops": 467693755584, "params": 44955136, "train_loss": 0, "psnr": 4.100708961486816, "ssim": -0.0019179640803486109}