{"gene": [0.0, 4.0, 5.0, 1.0, 3.0, 0.0, 8.0, 1.0, 10.0, 1.0, 14.0, 2.0], "flops": 695372611968, "params": 57125052, "train_loss": 0, "psnr": 4.410298824310303, "ssim": -0.0011184457689523697}