{"gene": [0.0, 1.0, 4.0, 1.0, 4.0, 0.0, 7.0, 2.0, 8.0, 4.0, 16.0, 4.0], "flops": 651253219840, "params": 61118664, "train_loss": 0, "psnr": 5.3582634925842285, "ssim": 0.0019658138044178486}