{"gene": [3.0, 0.0, 1.0, 3.0, 1.0, 0.0, 2.0, 0.0, 11.0, 2.0, 11.0, 0.0], "flops": null, "params": null, "train_loss": 0, "psnr": 7.474631239121074, "train_time": 0.007074117660522461, "val_time": 133.8776912689209}