{"gene": [1.0, 2.0, 3.0, 0.0, 2.0, 2.0, 4.0, 0.0, 9.0, 0.0, 15.0, 0.0], "flops": null, "params": null, "train_loss": 0, "psnr": 6.835206439965057, "train_time": 0.008120536804199219, "val_time": 207.05046200752258}