{"gene": [5.0, 5.0, 1.0, 1.0, 1.0, 3.0, 5.0, 2.0, 9.0, 2.0, 15.0, 4.0], "flops": 536969965696, "params": 56090142, "train_loss": 0, "psnr": 4.471907615661621, "ssim": -0.0006366206798702478}