{"gene": [0.0, 3.0, 0.0, 1.0, 2.0, 0.0, 8.0, 0.0, 11.0, 0.0, 13.0, 3.0], "flops": null, "params": null, "train_loss": 0, "psnr": 6.401337181523939, "train_time": 0.01148366928100586, "val_time": 176.69485187530518}