{"gene": [5.0, 4.0, 1.0, 2.0, 1.0, 1.0, 1.0, 1.0, 3.0, 3.0, 15.0, 0.0], "flops": 458958446720, "params": 80529698, "train_loss": 0, "psnr": 3.8782145977020264, "ssim": -0.002461041556671262}