{"gene": [1.0, 3.0, 0.0, 3.0, 4.0, 3.0, 6.0, 0.0, 6.0, 0.0, 11.0, 0.0], "flops": null, "params": null, "train_loss": 0, "psnr": 7.167389973126265, "train_time": 0.009410381317138672, "val_time": 183.53850054740906}