{"gene": [4.0, 3.0, 3.0, 5.0, 1.0, 2.0, 6.0, 0.0, 8.0, 0.0, 12.0, 1.0], "flops": 431255377792, "params": 49385948, "train_loss": 0, "psnr": 4.667464733123779, "ssim": -0.0003101571637671441}