{"gene": [2.0, 3.0, 3.0, 2.0, 4.0, 0.0, 5.0, 0.0, 12.0, 0.0, 16.0, 0.0], "flops": null, "params": null, "train_loss": 0, "psnr": 13.170709011685624, "train_time": 0.009999990463256836, "val_time": 365.27060747146606}