{"gene": [2.0, 0.0, 2.0, 2.0, 1.0, 0.0, 5.0, 0.0, 10.0, 0.0, 10.0, 0.0], "flops": null, "params": null, "train_loss": 0, "psnr": 7.052417236657748, "train_time": 0.006906986236572266, "val_time": 281.64149808883667}