{"gene": [1.0, 0.0, 1.0, 5.0, 3.0, 2.0, 4.0, 0.0, 5.0, 3.0, 15.0, 1.0], "flops": 465770382336, "params": 54128368, "train_loss": 0, "psnr": 4.166213035583496, "ssim": -0.0017161304131150246}