{"gene": [3.0, 0.0, 0.0, 2.0, 2.0, 0.0, 2.0, 0.0, 8.0, 0.0, 8.0, 0.0], "flops": null, "params": null, "train_loss": 0, "psnr": 6.4533917112032855, "train_time": 0.006894111633300781, "val_time": 132.75560998916626}