{"gene": [1.0, 1.0, 3.0, 0.0, 3.0, 3.0, 4.0, 2.0, 12.0, 0.0, 14.0, 0.0], "flops": null, "params": null, "train_loss": 0, "psnr": 6.433092453370322, "train_time": 0.010776996612548828, "val_time": 195.348956823349}