{"gene": [2.0, 0.0, 1.0, 2.0, 3.0, 0.0, 6.0, 0.0, 9.0, 3.0, 13.0, 0.0], "flops": null, "params": null, "train_loss": 0, "psnr": 7.05677023629258, "train_time": 0.008959293365478516, "val_time": 321.443231344223}