{"gene": [1.0, 1.0, 1.0, 1.0, 3.0, 4.0, 3.0, 4.0, 3.0, 2.0, 16.0, 4.0], "flops": null, "params": null, "train_loss": 0, "psnr": 7.206127437570951, "train_time": 0.005918741226196289, "val_time": 181.50333666801453}