{"gene": [0.0, 1.0, 2.0, 3.0, 2.0, 0.0, 2.0, 3.0, 6.0, 0.0, 13.0, 0.0], "flops": null, "params": null, "train_loss": 0, "psnr": 7.327557380944088, "train_time": 0.010010242462158203, "val_time": 163.04904437065125}