{"gene": [1.0, 2.0, 3.0, 3.0, 3.0, 4.0, 4.0, 0.0, 10.0, 0.0, 14.0, 0.0], "flops": null, "params": null, "train_loss": 0, "psnr": 6.468550752456075, "train_time": 0.009304046630859375, "val_time": 241.30539536476135}