{"gene": [1.0, 3.0, 4.0, 3.0, 1.0, 3.0, 2.0, 0.0, 5.0, 1.0, 11.0, 0.0], "flops": 337498575488, "params": 36069782, "train_loss": 0, "psnr": 3.8323800563812256, "ssim": -0.003206880996003747}