{"gene": [3.0, 1.0, 3.0, 3.0, 1.0, 0.0, 4.0, 4.0, 9.0, 0.0, 9.0, 0.0], "flops": null, "params": null, "train_loss": 0, "psnr": 7.095181936406531, "train_time": 0.007649660110473633, "val_time": 132.97356486320496}