{"gene": [2.0, 3.0, 1.0, 3.0, 2.0, 0.0, 4.0, 0.0, 7.0, 3.0, 13.0, 0.0], "flops": null, "params": null, "train_loss": 0, "psnr": 7.7784391234953265, "train_time": 0.007229328155517578, "val_time": 199.26733469963074}