{"gene": [5.0, 3.0, 0.0, 1.0, 1.0, 3.0, 5.0, 0.0, 8.0, 0.0, 11.0, 3.0], "flops": 377505955840, "params": 42284566, "train_loss": 0, "psnr": 5.627163410186768, "ssim": 0.0029382207430899143}