{"gene": [3.0, 1.0, 3.0, 0.0, 2.0, 0.0, 8.0, 2.0, 10.0, 0.0, 14.0, 0.0], "flops": 503119862208, "params": 46078912, "train_loss": 0, "psnr": 4.861480236053467, "ssim": 0.0004647788591682911}