{"gene": [0.0, 5.0, 5.0, 3.0, 4.0, 0.0, 8.0, 2.0, 11.0, 1.0, 15.0, 0.0], "flops": 658576809984, "params": 52465304, "train_loss": 0, "psnr": 4.863076686859131, "ssim": 0.0005154712125658989}