{"gene": [2.0, 1.0, 1.0, 0.0, 3.0, 0.0, 5.0, 2.0, 9.0, 4.0, 13.0, 0.0], "flops": null, "params": null, "train_loss": 0, "psnr": 7.370634689725915, "train_time": 0.008610248565673828, "val_time": 285.75257301330566}