{"gene": [4.0, 1.0, 3.0, 0.0, 1.0, 4.0, 3.0, 2.0, 7.0, 0.0, 12.0, 0.0], "flops": 343858441472, "params": 37892416, "train_loss": 0, "psnr": 4.632936477661133, "ssim": -7.391144026769325e-05}