{"gene": [5.0, 1.0, 2.0, 4.0, 2.0, 2.0, 2.0, 2.0, 4.0, 0.0, 4.0, 4.0], "flops": 315588411648, "params": 27712600, "train_loss": 0, "psnr": 4.9559006690979, "ssim": 0.0008090997580438852}