{"gene": [0.0, 0.0, 3.0, 0.0, 2.0, 0.0, 2.0, 0.0, 6.0, 0.0, 16.0, 0.0], "flops": 320507917824, "params": 43907520, "train_loss": 0, "psnr": 6.950881989339147, "train_time": 0.0075435638427734375, "val_time": 103.72657132148743}