{"gene": [2.0, 0.0, 0.0, 2.0, 1.0, 0.0, 7.0, 0.0, 12.0, 0.0, 13.0, 0.0], "flops": null, "params": null, "train_loss": 0, "psnr": 6.913714344495057, "train_time": 0.01038050651550293, "val_time": 230.65724158287048}