{"gene": [3.0, 2.0, 3.0, 1.0, 4.0, 0.0, 5.0, 0.0, 7.0, 0.0, 12.0, 2.0], "flops": null, "params": null, "train_loss": 0, "psnr": 7.532372860517939, "train_time": 0.00848841667175293, "val_time": 240.0837652683258}