{"gene": [1.0, 0.0, 0.0, 2.0, 1.0, 4.0, 4.0, 0.0, 6.0, 0.0, 15.0, 0.0], "flops": null, "params": null, "train_loss": 0, "psnr": 7.426395999966818, "train_time": 0.0075168609619140625, "val_time": 173.72596263885498}