{"gene": [3.0, 3.0, 0.0, 0.0, 2.0, 0.0, 8.0, 0.0, 10.0, 0.0, 13.0, 0.0], "flops": null, "params": null, "train_loss": 0, "psnr": 7.195993159076955, "train_time": 0.010674715042114258, "val_time": 162.82922267913818}