{"gene": [0.0, 5.0, 0.0, 0.0, 4.0, 0.0, 5.0, 3.0, 8.0, 0.0, 9.0, 0.0], "flops": 412613911552, "params": 32890464, "train_loss": 0, "psnr": 4.52118444442749, "ssim": -0.00047039109631441534}