{"gene": [2.0, 1.0, 3.0, 4.0, 3.0, 0.0, 8.0, 3.0, 8.0, 0.0, 12.0, 4.0], "flops": 609372051200, "params": 56773432, "train_loss": 0, "psnr": 7.994466304779053, "ssim": 0.008101256564259529}