{"gene": [3.0, 2.0, 3.0, 2.0, 1.0, 0.0, 4.0, 0.0, 6.0, 0.0, 15.0, 0.0], "flops": null, "params": null, "train_loss": 0, "psnr": 6.610160530632836, "train_time": 0.007222414016723633, "val_time": 230.29989528656006}