{"gene": [5.0, 1.0, 0.0, 3.0, 3.0, 2.0, 7.0, 2.0, 12.0, 0.0, 12.0, 0.0], "flops": 502121402752, "params": 42589864, "train_loss": 0, "psnr": 4.59512186050415, "ssim": -0.00034825963666662574}