{"gene": [4.0, 2.0, 3.0, 2.0, 4.0, 1.0, 6.0, 0.0, 10.0, 0.0, 15.0, 0.0], "flops": 781070195456, "params": 90485864, "train_loss": 0, "psnr": 4.890157699584961, "ssim": 0.0008456842042505741}