{"gene": [4.0, 2.0, 3.0, 2.0, 2.0, 2.0, 5.0, 0.0, 8.0, 0.0, 13.0, 0.0], "flops": 631926773504, "params": 78613912, "train_loss": 0, "psnr": 4.637084484100342, "ssim": -0.0002288868563482538}