{"gene": [1.0, 2.0, 0.0, 3.0, 4.0, 4.0, 6.0, 0.0, 11.0, 0.0, 12.0, 0.0], "flops": null, "params": null, "train_loss": 0, "psnr": 7.400645719574552, "train_time": 0.0173032283782959, "val_time": 310.32953453063965}