{"gene": [1.0, 1.0, 0.0, 3.0, 1.0, 4.0, 1.0, 2.0, 7.0, 0.0, 8.0, 0.0], "flops": 270651760128, "params": 28527684, "train_loss": 0, "psnr": 6.527696273436319, "train_time": 0.0052721500396728516, "val_time": 89.56851267814636}