{"gene": [1.0, 0.0, 0.0, 1.0, 2.0, 2.0, 6.0, 0.0, 10.0, 0.0, 15.0, 3.0], "flops": null, "params": null, "train_loss": 0, "psnr": 7.161312285250742, "train_time": 0.014838933944702148, "val_time": 174.6227478981018}