{"gene": [4.0, 0.0, 2.0, 5.0, 1.0, 4.0, 1.0, 0.0, 5.0, 0.0, 7.0, 3.0], "flops": 340930887936, "params": 35107240, "train_loss": 0, "psnr": 3.585665702819824, "ssim": -0.004131559748202562}