{"gene": [3.0, 3.0, 1.0, 0.0, 4.0, 0.0, 8.0, 0.0, 11.0, 3.0, 13.0, 0.0], "flops": null, "params": null, "train_loss": 0, "psnr": 6.555717747239354, "train_time": 0.010826826095581055, "val_time": 223.45735907554626}