{"gene": [0.0, 3.0, 1.0, 1.0, 1.0, 0.0, 3.0, 0.0, 8.0, 4.0, 13.0, 2.0], "flops": null, "params": null, "train_loss": 0, "psnr": 7.017611414757427, "train_time": 0.007391929626464844, "val_time": 139.9643030166626}