{"gene": [3.0, 1.0, 4.0, 2.0, 1.0, 0.0, 7.0, 4.0, 11.0, 4.0, 11.0, 0.0], "flops": 749129318976, "params": 78041464, "train_loss": 0, "psnr": 4.324626922607422, "ssim": -0.0013202216941863298}