{"gene": [4.0, 2.0, 3.0, 5.0, 2.0, 3.0, 5.0, 0.0, 11.0, 0.0, 14.0, 1.0], "flops": 583606689024, "params": 58416088, "train_loss": 0, "psnr": 5.008472442626953, "ssim": 0.0010563423857092857}