{"gene": [2.0, 0.0, 3.0, 2.0, 2.0, 0.0, 7.0, 0.0, 7.0, 0.0, 13.0, 0.0], "flops": null, "params": null, "train_loss": 0, "psnr": 6.525203576075076, "train_time": 0.008234500885009766, "val_time": 250.83179688453674}