{"gene": [1.0, 4.0, 3.0, 0.0, 3.0, 3.0, 7.0, 1.0, 7.0, 0.0, 15.0, 0.0], "flops": 533924377344, "params": 45552130, "train_loss": 0, "psnr": 5.078919887542725, "ssim": 0.0011233175173401833}