{"gene": [3.0, 4.0, 1.0, 0.0, 4.0, 0.0, 6.0, 3.0, 8.0, 2.0, 15.0, 0.0], "flops": 557834224064, "params": 47059344, "train_loss": 0, "psnr": 4.8435492515563965, "ssim": 0.00038642395520582795}