{"gene": [2.0, 0.0, 1.0, 4.0, 4.0, 0.0, 8.0, 0.0, 8.0, 3.0, 8.0, 4.0], "flops": 576432998400, "params": 44604688, "train_loss": 0, "psnr": 3.817554235458374, "ssim": -0.001601556083187461}