{"gene": [4.0, 3.0, 0.0, 1.0, 2.0, 4.0, 7.0, 0.0, 10.0, 0.0, 13.0, 3.0], "flops": 492959434112, "params": 49596938, "train_loss": 0, "psnr": 5.365939617156982, "ssim": 0.002169388346374035}