{"gene": [2.0, 2.0, 3.0, 1.0, 2.0, 0.0, 8.0, 0.0, 12.0, 0.0, 15.0, 4.0], "flops": null, "params": null, "train_loss": 0, "psnr": 8.329233457975619, "train_time": 0.009433507919311523, "val_time": 375.9711847305298}