{"gene": [3.0, 2.0, 3.0, 1.0, 1.0, 0.0, 3.0, 0.0, 10.0, 0.0, 13.0, 3.0], "flops": null, "params": null, "train_loss": 0, "psnr": 6.992146761110513, "train_time": 0.008577585220336914, "val_time": 173.84432768821716}