{"gene": [1.0, 2.0, 1.0, 1.0, 3.0, 3.0, 5.0, 0.0, 11.0, 3.0, 11.0, 3.0], "flops": null, "params": null, "train_loss": 0, "psnr": 6.6815176164642525, "train_time": 0.00850987434387207, "val_time": 297.93847012519836}