{"gene": [3.0, 2.0, 2.0, 2.0, 4.0, 0.0, 4.0, 0.0, 4.0, 0.0, 11.0, 0.0], "flops": 574016103360, "params": 67632384, "train_loss": 0, "psnr": 5.193761348724365, "ssim": 0.0014246399514377117}