{"gene": [1.0, 2.0, 4.0, 1.0, 4.0, 4.0, 8.0, 0.0, 8.0, 4.0, 16.0, 2.0], "flops": 786236637184, "params": 62215184, "train_loss": 0, "psnr": 4.508237838745117, "ssim": -0.0004103763494640589}