{"gene": [3.0, 0.0, 1.0, 1.0, 2.0, 0.0, 4.0, 0.0, 8.0, 2.0, 12.0, 3.0], "flops": null, "params": null, "train_loss": 0, "psnr": 6.396440923160309, "train_time": 0.007331132888793945, "val_time": 153.3107829093933}