{"gene": [0.0, 3.0, 0.0, 2.0, 2.0, 0.0, 7.0, 0.0, 12.0, 0.0, 14.0, 0.0], "flops": null, "params": null, "train_loss": 0, "psnr": 7.071315134033011, "train_time": 0.010596513748168945, "val_time": 219.37618589401245}