{"gene": [3.0, 0.0, 0.0, 1.0, 1.0, 0.0, 5.0, 0.0, 6.0, 0.0, 11.0, 3.0], "flops": null, "params": null, "train_loss": 0, "psnr": 7.994291913284041, "train_time": 0.007160663604736328, "val_time": 115.4541368484497}