{"gene": [0.0, 0.0, 3.0, 0.0, 2.0, 0.0, 6.0, 0.0, 11.0, 0.0, 15.0, 0.0], "flops": 433024844288, "params": 47678912, "train_loss": 0, "psnr": 3.548832416534424, "ssim": -0.004280903376638889}