{"gene": [5.0, 0.0, 5.0, 5.0, 4.0, 2.0, 5.0, 0.0, 5.0, 3.0, 13.0, 3.0], "flops": 454341887744, "params": 49598000, "train_loss": 0, "psnr": 4.088778495788574, "ssim": -0.0022132229059934616}