{"gene": [0.0, 1.0, 3.0, 2.0, 3.0, 0.0, 8.0, 3.0, 12.0, 0.0, 12.0, 0.0], "flops": null, "params": null, "train_loss": 0, "psnr": 8.074334822722538, "train_time": 0.011162281036376953, "val_time": 265.13250374794006}