{"gene": [5.0, 3.0, 5.0, 3.0, 4.0, 2.0, 8.0, 0.0, 8.0, 3.0, 14.0, 0.0], "flops": 513719869568, "params": 45991744, "train_loss": 0, "psnr": 4.5635294914245605, "ssim": -0.0005802963860332966}