{"gene": [2.0, 1.0, 3.0, 3.0, 2.0, 0.0, 2.0, 2.0, 10.0, 0.0, 11.0, 0.0], "flops": null, "params": null, "train_loss": 0, "psnr": 7.419461604821371, "train_time": 0.009045839309692383, "val_time": 183.06663846969604}