{"gene": [0.0, 2.0, 2.0, 0.0, 1.0, 0.0, 5.0, 0.0, 6.0, 0.0, 13.0, 0.0], "flops": null, "params": null, "train_loss": 0, "psnr": 6.8036646452387854, "train_time": 0.010512828826904297, "val_time": 241.44789624214172}