{"gene": [4.0, 0.0, 1.0, 5.0, 2.0, 1.0, 7.0, 0.0, 11.0, 4.0, 12.0, 3.0], "flops": 590313260800, "params": 54607844, "train_loss": 0, "psnr": 3.9144153594970703, "ssim": -0.0028548205737024546}