{"gene": [1.0, 2.0, 0.0, 0.0, 1.0, 2.0, 4.0, 0.0, 12.0, 0.0, 15.0, 0.0], "flops": null, "params": null, "train_loss": 0, "psnr": 7.050502463357069, "train_time": 0.01119089126586914, "val_time": 200.6952760219574}