{"gene": [2.0, 2.0, 3.0, 0.0, 2.0, 0.0, 8.0, 0.0, 9.0, 0.0, 16.0, 0.0], "flops": null, "params": null, "train_loss": 0, "psnr": 7.133893510439072, "train_time": 0.00996541976928711, "val_time": 348.2271499633789}