{"gene": [3.0, 3.0, 3.0, 3.0, 1.0, 0.0, 1.0, 0.0, 9.0, 0.0, 14.0, 0.0], "flops": 327038317248, "params": 43121152, "train_loss": 0, "psnr": 6.519643569829547, "train_time": 0.00764012336730957, "val_time": 98.36147713661194}