{"gene": [2.0, 3.0, 2.0, 0.0, 4.0, 0.0, 7.0, 0.0, 7.0, 0.0, 11.0, 0.0], "flops": null, "params": null, "train_loss": 0, "psnr": 7.250241152989124, "train_time": 0.008032798767089844, "val_time": 346.347749710083}