{"gene": [0.0, 0.0, 0.0, 3.0, 1.0, 0.0, 7.0, 0.0, 12.0, 0.0, 12.0, 0.0], "flops": 422606264192, "params": 41917760, "train_loss": 0, "psnr": 4.445948600769043, "ssim": -0.0008887565927579999}