{"gene": [2.0, 1.0, 1.0, 1.0, 2.0, 0.0, 2.0, 3.0, 2.0, 3.0, 11.0, 2.0], "flops": null, "params": null, "train_loss": 0, "psnr": 7.298197696490077, "train_time": 0.004792690277099609, "val_time": 158.97081208229065}