{"gene": [3.0, 2.0, 5.0, 1.0, 1.0, 0.0, 8.0, 0.0, 10.0, 3.0, 13.0, 4.0], "flops": 683340214848, "params": 56225434, "train_loss": 0, "psnr": 4.444210529327393, "ssim": -0.0003425822942517698}