{"gene": [0.0, 0.0, 3.0, 3.0, 4.0, 0.0, 7.0, 0.0, 8.0, 0.0, 8.0, 0.0], "flops": null, "params": null, "train_loss": 0, "psnr": 6.646676611192156, "train_time": 0.009419441223144531, "val_time": 161.4935598373413}