{"gene": [2.0, 1.0, 0.0, 1.0, 4.0, 0.0, 5.0, 4.0, 12.0, 0.0, 14.0, 4.0], "flops": null, "params": null, "train_loss": 0, "psnr": 6.847398273801074, "train_time": 0.010019540786743164, "val_time": 337.8309545516968}