{"gene": [3.0, 1.0, 3.0, 2.0, 4.0, 0.0, 8.0, 3.0, 11.0, 0.0, 15.0, 0.0], "flops": null, "params": null, "train_loss": 0, "psnr": 6.895706509384993, "train_time": 0.010702371597290039, "val_time": 292.99272060394287}