{"gene": [1.0, 0.0, 0.0, 5.0, 3.0, 3.0, 7.0, 0.0, 12.0, 0.0, 13.0, 1.0], "flops": 544644243200, "params": 54545528, "train_loss": 0, "psnr": 3.914484739303589, "ssim": -0.0026844574604183435}