{"gene": [0.0, 0.0, 5.0, 3.0, 2.0, 0.0, 2.0, 0.0, 2.0, 1.0, 10.0, 0.0], "flops": 243490445056, "params": 28581072, "train_loss": 0, "psnr": 4.954812049865723, "ssim": 0.0007912390865385532}