{"gene": [3.0, 2.0, 0.0, 0.0, 2.0, 0.0, 8.0, 0.0, 11.0, 0.0, 16.0, 0.0], "flops": null, "params": null, "train_loss": 0, "psnr": 6.658670204808109, "train_time": 0.012112140655517578, "val_time": 298.25927090644836}