{"gene": [2.0, 3.0, 4.0, 3.0, 2.0, 0.0, 4.0, 0.0, 10.0, 2.0, 11.0, 0.0], "flops": 533395969152, "params": 44796072, "train_loss": 0, "psnr": 4.100828647613525, "ssim": -0.0011570884380489588}