{"gene": [2.0, 3.0, 1.0, 1.0, 1.0, 0.0, 8.0, 0.0, 11.0, 4.0, 15.0, 2.0], "flops": null, "params": null, "train_loss": 0, "psnr": 8.56107747329451, "train_time": 0.010541677474975586, "val_time": 234.2506022453308}