{"gene": [1.0, 2.0, 5.0, 4.0, 3.0, 4.0, 4.0, 0.0, 11.0, 1.0, 16.0, 2.0], "flops": 727566712832, "params": 74854620, "train_loss": 0, "psnr": 3.745420455932617, "ssim": -0.0027939099818468094}