{"gene": [3.0, 0.0, 1.0, 1.0, 4.0, 0.0, 8.0, 0.0, 8.0, 2.0, 9.0, 3.0], "flops": null, "params": null, "train_loss": 0, "psnr": 7.30281212735455, "train_time": 0.009483575820922852, "val_time": 197.90895414352417}