{"gene": [0.0, 2.0, 1.0, 3.0, 2.0, 0.0, 8.0, 0.0, 9.0, 4.0, 9.0, 0.0], "flops": null, "params": null, "train_loss": 0, "psnr": 7.4761723107201465, "train_time": 0.0075566768646240234, "val_time": 305.95451045036316}