{"gene": [1.0, 5.0, 4.0, 4.0, 4.0, 2.0, 8.0, 2.0, 9.0, 1.0, 15.0, 1.0], "flops": 784463745024, "params": 72064287, "train_loss": 0, "psnr": 3.6079373359680176, "ssim": -0.00362330861389637}