{"gene": [1.0, 2.0, 3.0, 0.0, 3.0, 3.0, 7.0, 0.0, 11.0, 0.0, 14.0, 0.0], "flops": null, "params": null, "train_loss": 0, "psnr": 6.584905196910072, "train_time": 0.012386083602905273, "val_time": 308.20493054389954}