{"gene": [4.0, 3.0, 2.0, 5.0, 1.0, 3.0, 7.0, 0.0, 10.0, 0.0, 10.0, 2.0], "flops": 600499421568, "params": 54212096, "train_loss": 0, "psnr": 5.717958927154541, "ssim": 0.0032322341576218605}