{"gene": [1.0, 2.0, 1.0, 5.0, 2.0, 4.0, 3.0, 0.0, 7.0, 2.0, 15.0, 3.0], "flops": 523255021568, "params": 56956376, "train_loss": 0, "psnr": 5.101966857910156, "ssim": 0.0016292788786813617}