{"gene": [5.0, 3.0, 5.0, 5.0, 4.0, 1.0, 4.0, 0.0, 5.0, 3.0, 15.0, 1.0], "flops": 466414796928, "params": 55019292, "train_loss": 0, "psnr": 4.330806255340576, "ssim": -0.0014232860412448645}