{"gene": [5.0, 3.0, 1.0, 0.0, 4.0, 3.0, 4.0, 0.0, 6.0, 2.0, 12.0, 0.0], "flops": 389767829632, "params": 37797472, "train_loss": 0, "psnr": 4.428800106048584, "ssim": -0.0009544908534735441}