{"gene": [4.0, 3.0, 1.0, 3.0, 1.0, 2.0, 4.0, 0.0, 5.0, 4.0, 14.0, 0.0], "flops": 360544377472, "params": 40434716, "train_loss": 0, "psnr": 4.616352081298828, "ssim": -0.000301023421343416}