{"gene": [0.0, 2.0, 0.0, 4.0, 1.0, 0.0, 1.0, 0.0, 4.0, 0.0, 4.0, 3.0], "flops": 227554158720, "params": 23782168, "train_loss": 0, "psnr": 4.22158145904541, "ssim": -0.0015987241640686989}