{"gene": [3.0, 1.0, 3.0, 0.0, 1.0, 0.0, 7.0, 3.0, 11.0, 0.0, 14.0, 0.0], "flops": null, "params": null, "train_loss": 0, "psnr": 6.978600673263508, "train_time": 0.01029348373413086, "val_time": 181.8113775253296}