{"gene": [3.0, 0.0, 3.0, 0.0, 1.0, 0.0, 3.0, 0.0, 6.0, 0.0, 12.0, 0.0], "flops": 297763680320, "params": 36759424, "train_loss": 0, "psnr": 7.5871044218164645, "train_time": 0.0063364505767822266, "val_time": 94.39251232147217}