{"gene": [3.0, 1.0, 0.0, 3.0, 3.0, 0.0, 3.0, 4.0, 7.0, 0.0, 12.0, 0.0], "flops": null, "params": null, "train_loss": 0, "psnr": 6.4430437873442035, "train_time": 0.0076847076416015625, "val_time": 140.84619235992432}