{"gene": [4.0, 4.0, 4.0, 2.0, 4.0, 1.0, 8.0, 3.0, 9.0, 2.0, 14.0, 0.0], "flops": 905052946432, "params": 89911532, "train_loss": 0, "psnr": 5.155708312988281, "ssim": 0.0014228273648768663}