{"gene": [2.0, 0.0, 1.0, 3.0, 3.0, 0.0, 5.0, 0.0, 11.0, 4.0, 15.0, 0.0], "flops": 565891605248, "params": 50165584, "train_loss": 0, "psnr": 3.4686365127563477, "ssim": -0.0008409778820350766}