{"gene": [2.0, 1.0, 0.0, 2.0, 3.0, 0.0, 8.0, 3.0, 10.0, 0.0, 11.0, 0.0], "flops": null, "params": null, "train_loss": 0, "psnr": 8.415965469971527, "train_time": 0.009402275085449219, "val_time": 341.51415753364563}