{"gene": [1.0, 0.0, 2.0, 3.0, 2.0, 2.0, 6.0, 0.0, 10.0, 0.0, 15.0, 0.0], "flops": null, "params": null, "train_loss": 0, "psnr": 6.718648368876652, "train_time": 0.015322446823120117, "val_time": 252.3778965473175}