{"gene": [5.0, 2.0, 2.0, 1.0, 4.0, 2.0, 5.0, 0.0, 11.0, 0.0, 16.0, 3.0], "flops": 754410291712, "params": 68634080, "train_loss": 0, "psnr": 4.626997470855713, "ssim": -0.00016622955445200205}