{"gene": [1.0, 2.0, 0.0, 0.0, 4.0, 2.0, 5.0, 0.0, 7.0, 0.0, 7.0, 0.0], "flops": null, "params": null, "train_loss": 0, "psnr": 6.554295129973431, "train_time": 0.007300853729248047, "val_time": 245.575532913208}