{"gene": [4.0, 5.0, 5.0, 0.0, 1.0, 1.0, 4.0, 1.0, 11.0, 1.0, 16.0, 0.0], "flops": 546881675264, "params": 52782242, "train_loss": 0, "psnr": 5.586609363555908, "ssim": 0.002835808787494898}