{"gene": [1.0, 0.0, 3.0, 0.0, 2.0, 4.0, 5.0, 0.0, 12.0, 0.0, 13.0, 0.0], "flops": 444526231040, "params": 44747800, "train_loss": 0, "psnr": 4.991214752197266, "ssim": 0.0009486381895840168}