{"gene": [1.0, 3.0, 3.0, 0.0, 3.0, 2.0, 8.0, 0.0, 9.0, 0.0, 11.0, 0.0], "flops": null, "params": null, "train_loss": 0, "psnr": 6.757078845043852, "train_time": 0.00979471206665039, "val_time": 188.45937705039978}