{"gene": [1.0, 1.0, 1.0, 3.0, 4.0, 3.0, 4.0, 4.0, 9.0, 2.0, 16.0, 0.0], "flops": null, "params": null, "train_loss": 0, "psnr": 6.8140244368064735, "train_time": 0.009402036666870117, "val_time": 234.307758808136}