{"gene": [0.0, 2.0, 4.0, 0.0, 3.0, 0.0, 3.0, 0.0, 8.0, 4.0, 10.0, 0.0], "flops": 485130532224, "params": 39860928, "train_loss": 0, "psnr": 4.095729351043701, "ssim": -0.0019428613595664501}