{"gene": [3.0, 2.0, 1.0, 0.0, 3.0, 0.0, 4.0, 0.0, 5.0, 4.0, 15.0, 0.0], "flops": null, "params": null, "train_loss": 0, "psnr": 6.768439858159324, "train_time": 0.007734537124633789, "val_time": 205.98940300941467}