{"gene": [1.0, 0.0, 5.0, 3.0, 1.0, 2.0, 3.0, 0.0, 4.0, 1.0, 4.0, 0.0], "flops": 256898599680, "params": 20377100, "train_loss": 0, "psnr": 5.000973224639893, "ssim": 0.0008448457811027765}