{"gene": [0.0, 1.0, 3.0, 0.0, 1.0, 0.0, 1.0, 2.0, 3.0, 0.0, 4.0, 0.0], "flops": 183361303936, "params": 18660504, "train_loss": 0, "psnr": 6.728469741333722, "train_time": 0.003272533416748047, "val_time": 55.29293131828308}