{"gene": [2.0, 3.0, 2.0, 0.0, 2.0, 0.0, 5.0, 0.0, 9.0, 0.0, 16.0, 0.0], "flops": 573329710976, "params": 55039808, "train_loss": 0, "psnr": 5.079251766204834, "ssim": 0.0013120430521667004}