{"gene": [3.0, 3.0, 1.0, 5.0, 1.0, 0.0, 6.0, 0.0, 8.0, 3.0, 13.0, 2.0], "flops": 485536023232, "params": 53213672, "train_loss": 0, "psnr": 4.677532196044922, "ssim": -0.00025847775395959616}