{"gene": [5.0, 5.0, 2.0, 2.0, 2.0, 1.0, 3.0, 2.0, 3.0, 0.0, 15.0, 0.0], "flops": 539054063872, "params": 83119856, "train_loss": 0, "psnr": 4.539408206939697, "ssim": -0.0006074688863009214}