{"gene": [1.0, 2.0, 0.0, 3.0, 1.0, 4.0, 1.0, 0.0, 7.0, 0.0, 10.0, 0.0], "flops": 292217037312, "params": 32424684, "train_loss": 0, "psnr": 7.90052860562164, "train_time": 0.0058307647705078125, "val_time": 104.2719316482544}