{"gene": [1.0, 1.0, 1.0, 0.0, 2.0, 2.0, 8.0, 4.0, 12.0, 3.0, 14.0, 0.0], "flops": null, "params": null, "train_loss": 0, "psnr": 6.401075649862349, "train_time": 0.010268449783325195, "val_time": 263.5977666378021}