{"gene": [0.0, 1.0, 0.0, 3.0, 3.0, 0.0, 4.0, 4.0, 4.0, 0.0, 4.0, 0.0], "flops": 290374316416, "params": 19465376, "train_loss": 0, "psnr": 4.8419342041015625, "ssim": 0.0008399278158321977}