{"gene": [0.0, 3.0, 1.0, 0.0, 2.0, 0.0, 4.0, 0.0, 6.0, 2.0, 11.0, 0.0], "flops": null, "params": null, "train_loss": 0, "psnr": 7.2181361333192955, "train_time": 0.007173061370849609, "val_time": 123.97844243049622}