{"gene": [0.0, 3.0, 3.0, 2.0, 1.0, 0.0, 7.0, 0.0, 12.0, 0.0, 15.0, 0.0], "flops": null, "params": null, "train_loss": 0, "psnr": 6.646257193210852, "train_time": 0.012359380722045898, "val_time": 213.69396090507507}