{"gene": [4.0, 3.0, 2.0, 2.0, 3.0, 2.0, 3.0, 0.0, 8.0, 0.0, 14.0, 0.0], "flops": 696219598208, "params": 88032900, "train_loss": 0, "psnr": 5.679899215698242, "ssim": 0.0030980410519987345}