{"gene": [2.0, 1.0, 4.0, 4.0, 4.0, 0.0, 4.0, 3.0, 5.0, 1.0, 6.0, 3.0], "flops": 498947923968, "params": 35785102, "train_loss": 0, "psnr": 4.730931282043457, "ssim": 0.0005066542653366923}