{"gene": [1.0, 0.0, 0.0, 5.0, 2.0, 2.0, 7.0, 0.0, 7.0, 0.0, 16.0, 1.0], "flops": 484486255872, "params": 57763160, "train_loss": 0, "psnr": 3.930447578430176, "ssim": -0.002452160231769085}