{"gene": [2.0, 1.0, 2.0, 1.0, 4.0, 0.0, 7.0, 2.0, 11.0, 0.0, 14.0, 2.0], "flops": null, "params": null, "train_loss": 0, "psnr": 7.311377333908013, "train_time": 0.008724212646484375, "val_time": 443.62001872062683}