{"gene": [3.0, 0.0, 3.0, 1.0, 2.0, 0.0, 3.0, 0.0, 7.0, 0.0, 16.0, 3.0], "flops": null, "params": null, "train_loss": 0, "psnr": 6.470001475216567, "train_time": 0.008679389953613281, "val_time": 131.39813256263733}