{"gene": [3.0, 3.0, 1.0, 0.0, 1.0, 0.0, 5.0, 0.0, 7.0, 4.0, 9.0, 0.0], "flops": null, "params": null, "train_loss": 0, "psnr": 7.531230329930729, "train_time": 0.014905214309692383, "val_time": 131.8492558002472}