{"gene": [5.0, 1.0, 0.0, 5.0, 3.0, 1.0, 3.0, 2.0, 11.0, 0.0, 13.0, 2.0], "flops": 469667837824, "params": 52805552, "train_loss": 0, "psnr": 4.814925670623779, "ssim": 0.0004007618990726769}