{"gene": [5.0, 4.0, 2.0, 5.0, 2.0, 2.0, 2.0, 2.0, 9.0, 0.0, 15.0, 2.0], "flops": 582640222464, "params": 64508128, "train_loss": 0, "psnr": 5.1111249923706055, "ssim": 0.0013954209862276912}