{"gene": [4.0, 0.0, 5.0, 3.0, 4.0, 3.0, 5.0, 0.0, 7.0, 3.0, 16.0, 0.0], "flops": 518810412288, "params": 47484256, "train_loss": 0, "psnr": 6.00617790222168, "ssim": 0.00388800585642457}