{"gene": [5.0, 4.0, 4.0, 0.0, 3.0, 1.0, 5.0, 3.0, 8.0, 2.0, 11.0, 0.0], "flops": 538664269696, "params": 42246296, "train_loss": 0, "psnr": 5.8104047775268555, "ssim": 0.003494821023195982}