{"gene": [3.0, 3.0, 1.0, 1.0, 4.0, 0.0, 4.0, 0.0, 10.0, 2.0, 16.0, 2.0], "flops": null, "params": null, "train_loss": 0, "psnr": 6.481255567792726, "train_time": 0.0161590576171875, "val_time": 200.79327702522278}