{"gene": [1.0, 5.0, 0.0, 3.0, 2.0, 3.0, 2.0, 2.0, 3.0, 0.0, 12.0, 0.0], "flops": 290913132032, "params": 32663096, "train_loss": 0, "psnr": 4.860910415649414, "ssim": 0.0004463830846361816}