{"gene": [0.0, 2.0, 3.0, 2.0, 3.0, 0.0, 5.0, 0.0, 8.0, 0.0, 12.0, 0.0], "flops": null, "params": null, "train_loss": 0, "psnr": 6.903986842861913, "train_time": 0.00816035270690918, "val_time": 267.4409227371216}