{"gene": [4.0, 5.0, 5.0, 2.0, 4.0, 1.0, 8.0, 1.0, 10.0, 3.0, 11.0, 0.0], "flops": 800178831360, "params": 74545384, "train_loss": 0, "psnr": 3.8064324855804443, "ssim": -0.002363842213526368}