{"gene": [1.0, 2.0, 0.0, 1.0, 1.0, 3.0, 2.0, 0.0, 4.0, 0.0, 4.0, 3.0], "flops": null, "params": null, "train_loss": 0, "psnr": 7.005382675184633, "train_time": 0.004219770431518555, "val_time": 106.04658389091492}