{"gene": [3.0, 0.0, 2.0, 2.0, 4.0, 0.0, 7.0, 0.0, 7.0, 0.0, 7.0, 0.0], "flops": null, "params": null, "train_loss": 0, "psnr": 6.4308261012945165, "train_time": 0.009277820587158203, "val_time": 247.7349419593811}