{"gene": [4.0, 3.0, 3.0, 3.0, 2.0, 2.0, 5.0, 0.0, 10.0, 0.0, 16.0, 0.0], "flops": 445628447360, "params": 48782104, "train_loss": 0, "psnr": 4.460603713989258, "ssim": -0.0009224980021826923}