{"gene": [0.0, 5.0, 5.0, 1.0, 3.0, 0.0, 7.0, 3.0, 11.0, 1.0, 13.0, 3.0], "flops": 652639621504, "params": 55561810, "train_loss": 0, "psnr": 4.184282302856445, "ssim": -0.0017952913185581565}