{"gene": [0.0, 2.0, 3.0, 3.0, 3.0, 0.0, 4.0, 0.0, 9.0, 0.0, 13.0, 0.0], "flops": null, "params": null, "train_loss": 0, "psnr": 6.829397131149882, "train_time": 0.009079694747924805, "val_time": 203.4422152042389}