{"gene": [2.0, 2.0, 2.0, 5.0, 3.0, 0.0, 3.0, 0.0, 9.0, 0.0, 12.0, 2.0], "flops": 648464564224, "params": 57539872, "train_loss": 0, "psnr": 3.6491832733154297, "ssim": -0.0010630593169480562}