{"gene": [5.0, 5.0, 5.0, 5.0, 1.0, 2.0, 6.0, 3.0, 8.0, 1.0, 8.0, 1.0], "flops": 494793662592, "params": 41058144, "train_loss": 0, "psnr": 4.805065631866455, "ssim": 0.0002356636105105281}