{"gene": [2.0, 2.0, 2.0, 2.0, 2.0, 0.0, 2.0, 0.0, 6.0, 0.0, 6.0, 0.0], "flops": null, "params": null, "train_loss": 0, "psnr": 8.323809173920475, "train_time": 0.005415439605712891, "val_time": 259.17748761177063}