{"gene": [3.0, 0.0, 0.0, 1.0, 1.0, 0.0, 1.0, 0.0, 7.0, 0.0, 8.0, 2.0], "flops": 280685072704, "params": 32735376, "train_loss": 0, "psnr": 6.405449953087808, "train_time": 0.005686283111572266, "val_time": 83.4802041053772}