{"gene": [3.0, 5.0, 3.0, 3.0, 2.0, 0.0, 3.0, 2.0, 3.0, 0.0, 4.0, 0.0], "flops": 248553519040, "params": 19536688, "train_loss": 0, "psnr": 4.515669345855713, "ssim": -0.0007016926538199186}