{"gene": [3.0, 4.0, 4.0, 4.0, 1.0, 0.0, 3.0, 4.0, 4.0, 3.0, 14.0, 2.0], "flops": 466098381376, "params": 59086488, "train_loss": 0, "psnr": 5.133981704711914, "ssim": 0.0013921186327934265}