{"gene": [3.0, 0.0, 0.0, 2.0, 1.0, 0.0, 6.0, 0.0, 7.0, 0.0, 10.0, 0.0], "flops": null, "params": null, "train_loss": 0, "psnr": 6.406334613058397, "train_time": 0.007150888442993164, "val_time": 156.65258526802063}