{"gene": [1.0, 2.0, 0.0, 0.0, 4.0, 4.0, 4.0, 0.0, 11.0, 0.0, 14.0, 0.0], "flops": null, "params": null, "train_loss": 0, "psnr": 7.180941064973655, "train_time": 0.008881807327270508, "val_time": 267.26475524902344}