{"gene": [3.0, 3.0, 2.0, 4.0, 3.0, 0.0, 6.0, 0.0, 12.0, 0.0, 13.0, 3.0], "flops": 721522422720, "params": 72564030, "train_loss": 0, "psnr": 5.34933614730835, "ssim": 0.0024294767063111067}