{"gene": [2.0, 3.0, 0.0, 0.0, 1.0, 0.0, 5.0, 0.0, 12.0, 0.0, 14.0, 0.0], "flops": null, "params": null, "train_loss": 0, "psnr": 6.517208227694947, "train_time": 0.009673595428466797, "val_time": 168.458557844162}