{"gene": [2.0, 2.0, 3.0, 3.0, 4.0, 0.0, 7.0, 0.0, 9.0, 0.0, 13.0, 0.0], "flops": null, "params": null, "train_loss": 0, "psnr": 8.425995307393594, "train_time": 0.00936269760131836, "val_time": 405.89900398254395}