{"gene": [2.0, 0.0, 1.0, 3.0, 4.0, 0.0, 7.0, 0.0, 12.0, 4.0, 13.0, 0.0], "flops": null, "params": null, "train_loss": 0, "psnr": 7.522720629196785, "train_time": 0.011292219161987305, "val_time": 347.2954273223877}