{"gene": [1.0, 4.0, 4.0, 4.0, 3.0, 3.0, 7.0, 1.0, 12.0, 1.0, 15.0, 1.0], "flops": 852532318208, "params": 76917783, "train_loss": 0, "psnr": 4.801247596740723, "ssim": 0.00039537952397949994}