{"gene": [4.0, 0.0, 0.0, 1.0, 2.0, 2.0, 6.0, 0.0, 10.0, 0.0, 11.0, 2.0], "flops": 455151561216, "params": 43945198, "train_loss": 0, "psnr": 4.973605632781982, "ssim": 0.00151278474368155}