{"gene": [1.0, 3.0, 4.0, 0.0, 4.0, 3.0, 6.0, 0.0, 8.0, 2.0, 12.0, 0.0], "flops": 548615854208, "params": 43974672, "train_loss": 0, "psnr": 4.562392234802246, "ssim": -0.00043719427776522934}