{"gene": [1.0, 1.0, 2.0, 2.0, 1.0, 2.0, 1.0, 2.0, 1.0, 0.0, 12.0, 0.0], "flops": 373501460480, "params": 64692804, "train_loss": 0, "psnr": 7.023181955627662, "train_time": 0.0038428306579589844, "val_time": 121.15434765815735}