{"gene": [1.0, 3.0, 1.0, 0.0, 2.0, 3.0, 3.0, 0.0, 11.0, 3.0, 16.0, 0.0], "flops": null, "params": null, "train_loss": 0, "psnr": 6.744607453299041, "train_time": 0.0200498104095459, "val_time": 182.32513880729675}