{"gene": [3.0, 1.0, 1.0, 5.0, 2.0, 0.0, 3.0, 2.0, 12.0, 2.0, 15.0, 3.0], "flops": 576201581248, "params": 62459704, "train_loss": 0, "psnr": 5.040017604827881, "ssim": 0.0010036630555987358}