{"gene": [2.0, 4.0, 2.0, 0.0, 3.0, 0.0, 4.0, 3.0, 5.0, 0.0, 10.0, 0.0], "flops": 488183960576, "params": 36723232, "train_loss": 0, "psnr": 4.3560638427734375, "ssim": -0.0006801511626690626}