{"gene": [1.0, 3.0, 0.0, 1.0, 3.0, 3.0, 4.0, 0.0, 12.0, 0.0, 15.0, 2.0], "flops": null, "params": null, "train_loss": 0, "psnr": 6.5234935217135455, "train_time": 0.010530233383178711, "val_time": 193.76597476005554}