{"gene": [1.0, 1.0, 5.0, 4.0, 3.0, 2.0, 4.0, 3.0, 7.0, 2.0, 9.0, 4.0], "flops": 505572601856, "params": 46417054, "train_loss": 0, "psnr": 4.932842254638672, "ssim": 0.0008769620908424258}