{"gene": [2.0, 2.0, 1.0, 2.0, 1.0, 0.0, 7.0, 0.0, 12.0, 2.0, 13.0, 0.0], "flops": 795327594496, "params": 85355264, "train_loss": 0, "psnr": 3.458479166030884, "ssim": -0.003148571355268359}