{"gene": [0.0, 1.0, 2.0, 0.0, 2.0, 0.0, 2.0, 4.0, 8.0, 0.0, 15.0, 0.0], "flops": null, "params": null, "train_loss": 0, "psnr": 7.341547660844805, "train_time": 0.006415605545043945, "val_time": 194.83960270881653}