{"gene": [3.0, 0.0, 2.0, 0.0, 3.0, 0.0, 4.0, 0.0, 10.0, 0.0, 15.0, 0.0], "flops": null, "params": null, "train_loss": 0, "psnr": 6.997706786240681, "train_time": 0.008513927459716797, "val_time": 239.60739850997925}