{"gene": [5.0, 5.0, 4.0, 0.0, 4.0, 1.0, 8.0, 3.0, 10.0, 3.0, 12.0, 0.0], "flops": 659085105664, "params": 48109904, "train_loss": 0, "psnr": 4.827649116516113, "ssim": 0.0007345938356593251}