{"gene": [3.0, 2.0, 2.0, 3.0, 2.0, 0.0, 6.0, 0.0, 12.0, 0.0, 14.0, 0.0], "flops": null, "params": null, "train_loss": 0, "psnr": 6.7848209060064635, "train_time": 0.008351564407348633, "val_time": 363.296110868454}