{"gene": [2.0, 0.0, 2.0, 0.0, 4.0, 0.0, 7.0, 0.0, 12.0, 0.0, 12.0, 0.0], "flops": 717749460736, "params": 53686464, "train_loss": 0, "psnr": 4.957622528076172, "ssim": 0.001049921615049243}