{"gene": [1.0, 2.0, 4.0, 1.0, 4.0, 4.0, 8.0, 0.0, 8.0, 1.0, 12.0, 4.0], "flops": 750008942592, "params": 53375128, "train_loss": 0, "psnr": 5.073797225952148, "ssim": 0.0021910404320806265}