{"gene": [5.0, 5.0, 3.0, 1.0, 1.0, 1.0, 2.0, 1.0, 7.0, 0.0, 7.0, 4.0], "flops": 304646669696, "params": 32448158, "train_loss": 0, "psnr": 4.847833633422852, "ssim": 0.0007968758000060916}